pattern,threads,memory,live,adaptive_ns_op,mimalloc_ns_op,latency_ratio_adaptive_over_mimalloc,adaptive_peak_rss_mb,mimalloc_peak_rss_mb,rss_ratio
API_GATEWAY,eventloop,direct,128,214.4,251.0,0.854,402,575,0.699
API_GATEWAY,eventloop,direct,1024,255.5,288.2,0.887,836,583,1.434
API_GATEWAY,eventloop,direct,4096,334.7,468.3,0.715,1157,965,1.199
API_GATEWAY,eventloop,direct,8192,488.8,649.0,0.753,1712,1504,1.138
API_GATEWAY,eventloop,direct,16384,618.4,858.8,0.720,2777,2531,1.097
API_GATEWAY,eventloop,direct,32768,694.1,1009.7,0.687,5068,4384,1.156
API_GATEWAY,eventloop,direct,65536,783.0,1256.1,0.623,9676,8191,1.181
API_GATEWAY,eventloop,heap,128,235.8,246.8,0.956,398,561,0.709
API_GATEWAY,eventloop,heap,1024,315.4,281.0,1.123,796,584,1.363
API_GATEWAY,eventloop,heap,4096,394.3,446.7,0.883,1136,964,1.178
API_GATEWAY,eventloop,heap,8192,545.3,746.9,0.730,2326,1926,1.208
API_GATEWAY,eventloop,heap,16384,662.3,996.6,0.665,3400,2760,1.232
API_GATEWAY,eventloop,heap,32768,787.2,1063.7,0.740,5492,5189,1.058
API_GATEWAY,eventloop,heap,65536,870.6,1346.3,0.647,10755,9210,1.168
API_GATEWAY,platform,direct,128,340.2,301.8,1.127,391,565,0.692
API_GATEWAY,platform,direct,1024,379.4,356.8,1.063,739,589,1.255
API_GATEWAY,platform,direct,4096,459.8,590.4,0.779,1106,1017,1.088
API_GATEWAY,platform,direct,8192,654.0,786.5,0.832,1668,1532,1.089
API_GATEWAY,platform,direct,16384,764.3,985.7,0.775,2774,2517,1.102
API_GATEWAY,platform,direct,32768,813.1,1110.0,0.733,5061,4611,1.098
API_GATEWAY,platform,direct,65536,1006.0,1358.2,0.741,9991,8733,1.144
API_GATEWAY,platform,heap,128,304.0,306.7,0.991,400,564,0.709
API_GATEWAY,platform,heap,1024,367.4,361.5,1.016,747,582,1.284
API_GATEWAY,platform,heap,4096,494.8,599.7,0.825,1094,1868,0.586
API_GATEWAY,platform,heap,8192,632.2,832.2,0.760,2387,1947,1.226
API_GATEWAY,platform,heap,16384,744.6,1164.6,0.639,3422,3486,0.982
API_GATEWAY,platform,heap,32768,923.5,1213.0,0.761,5540,5165,1.073
API_GATEWAY,platform,heap,65536,949.5,1440.6,0.659,10743,9253,1.161
E_COMMERCE,eventloop,direct,128,221.4,240.4,0.921,1804,1962,0.919
E_COMMERCE,eventloop,direct,1024,345.2,262.7,1.314,2285,2088,1.094
E_COMMERCE,eventloop,direct,4096,316.1,337.8,0.936,2642,2628,1.005
E_COMMERCE,eventloop,direct,8192,447.5,490.2,0.913,3292,3269,1.007
E_COMMERCE,eventloop,direct,16384,614.2,717.4,0.856,4566,4578,0.997
E_COMMERCE,eventloop,direct,32768,692.2,849.1,0.815,7326,7066,1.037
E_COMMERCE,eventloop,direct,65536,757.9,991.3,0.765,12351,12135,1.018
E_COMMERCE,eventloop,heap,128,244.0,315.9,0.773,2024,1995,1.015
E_COMMERCE,eventloop,heap,1024,426.1,268.9,1.584,2154,1907,1.130
E_COMMERCE,eventloop,heap,4096,373.8,371.7,1.005,2157,2794,0.772
E_COMMERCE,eventloop,heap,8192,565.2,519.2,1.089,3163,3596,0.880
E_COMMERCE,eventloop,heap,16384,731.8,733.7,0.997,4234,4375,0.968
E_COMMERCE,eventloop,heap,32768,693.8,1014.5,0.684,7316,6813,1.074
E_COMMERCE,eventloop,heap,65536,1146.4,1819.3,0.630,11544,12057,0.957
E_COMMERCE,platform,direct,128,332.4,300.5,1.106,1851,1963,0.943
E_COMMERCE,platform,direct,1024,392.8,330.5,1.188,2269,2091,1.085
E_COMMERCE,platform,direct,4096,448.4,433.7,1.034,2643,2637,1.002
E_COMMERCE,platform,direct,8192,611.4,597.8,1.023,3321,3298,1.007
E_COMMERCE,platform,direct,16384,707.1,768.2,0.920,4591,4710,0.975
E_COMMERCE,platform,direct,32768,804.5,954.3,0.843,7154,7066,1.012
E_COMMERCE,platform,direct,65536,917.4,1076.8,0.852,12391,12078,1.026
E_COMMERCE,platform,heap,128,293.0,312.6,0.937,2125,1976,1.075
E_COMMERCE,platform,heap,1024,520.3,591.3,0.880,2160,1941,1.113
E_COMMERCE,platform,heap,4096,587.5,420.3,1.398,2142,2788,0.768
E_COMMERCE,platform,heap,8192,563.2,596.5,0.944,3200,3594,0.890
E_COMMERCE,platform,heap,16384,713.2,881.1,0.809,4219,4434,0.952
E_COMMERCE,platform,heap,32768,857.3,1047.8,0.818,7342,6789,1.081
E_COMMERCE,platform,heap,65536,1137.5,1168.1,0.974,11590,12820,0.904
SOCKET_PROXY,eventloop,direct,128,194.3,208.6,0.931,294,307,0.958
SOCKET_PROXY,eventloop,direct,1024,249.2,253.0,0.985,439,447,0.982
SOCKET_PROXY,eventloop,direct,4096,321.4,351.5,0.914,748,828,0.903
SOCKET_PROXY,eventloop,direct,8192,419.7,488.2,0.860,1055,1226,0.861
SOCKET_PROXY,eventloop,direct,16384,527.1,689.2,0.765,1739,2018,0.862
SOCKET_PROXY,eventloop,direct,32768,630.4,863.8,0.730,3093,3606,0.858
SOCKET_PROXY,eventloop,direct,65536,714.3,1004.5,0.711,5844,6777,0.862
SOCKET_PROXY,eventloop,heap,128,230.1,212.8,1.081,286,313,0.914
SOCKET_PROXY,eventloop,heap,1024,236.4,245.9,0.961,448,437,1.025
SOCKET_PROXY,eventloop,heap,4096,321.1,354.4,0.906,739,834,0.886
SOCKET_PROXY,eventloop,heap,8192,456.5,585.7,0.779,1048,1889,0.555
SOCKET_PROXY,eventloop,heap,16384,669.2,799.2,0.837,2271,2766,0.821
SOCKET_PROXY,eventloop,heap,32768,681.4,918.7,0.742,3479,4329,0.804
SOCKET_PROXY,eventloop,heap,65536,733.3,1088.5,0.674,6573,7613,0.863
SOCKET_PROXY,platform,direct,128,314.0,251.9,1.247,296,323,0.916
SOCKET_PROXY,platform,direct,1024,370.9,304.7,1.217,427,547,0.781
SOCKET_PROXY,platform,direct,4096,439.1,422.5,1.039,740,897,0.825
SOCKET_PROXY,platform,direct,8192,531.7,591.1,0.899,1054,1403,0.751
SOCKET_PROXY,platform,direct,16384,717.5,777.7,0.923,1782,2065,0.863
SOCKET_PROXY,platform,direct,32768,720.4,918.6,0.784,3104,3796,0.818
SOCKET_PROXY,platform,direct,65536,904.3,1130.0,0.800,6036,6813,0.886
SOCKET_PROXY,platform,heap,128,292.8,246.8,1.187,296,307,0.964
SOCKET_PROXY,platform,heap,1024,341.3,299.3,1.140,430,543,0.792
SOCKET_PROXY,platform,heap,4096,438.2,391.0,1.121,725,890,0.815
SOCKET_PROXY,platform,heap,8192,582.2,643.9,0.904,1049,1899,0.552
SOCKET_PROXY,platform,heap,16384,725.7,870.7,0.833,2333,2755,0.847
SOCKET_PROXY,platform,heap,32768,717.3,1098.9,0.653,3385,4425,0.765
SOCKET_PROXY,platform,heap,65536,792.7,1381.2,0.574,6509,7664,0.849
