scenario,build,rc,base_rss_mib,peak,after_release,traffic_10s,traffic_30s,traffic_avg,end,used_peak,used_after_release,used_end
default,ps,0,2166,899,899,382,158,254,83,1041,1041,77
default,psn,0,2158,898,898,556,405,389,169,1056,1056,212
default,pr,0,2154,929,742,743,566,581,449,1007,815,123
default,mi,0,2155,905,901,654,339,502,186,1064,1064,188
burst2,ps,0,2167,971,900,387,174,379,109,1067,1048,80
burst2,psn,0,2158,995,899,567,449,640,317,1076,1048,216
burst2,pr,0,2153,977,740,752,575,812,796,1021,810,119
burst2,mi,0,2155,959,902,663,337,739,626,1152,1056,176
trickle,ps,0,2166,899,899,367,69,191,69,1036,1036,77
trickle,psn,0,2159,897,897,559,175,318,175,1056,1056,212
trickle,pr,0,2154,929,752,771,604,641,604,1005,813,253
trickle,mi,0,2155,908,902,660,352,509,184,1068,1068,184
silent,ps,0,2165,899,899,362,300,343,262,1043,1043,346
silent,psn,0,2157,890,890,520,490,507,465,1056,1056,604
silent,pr,0,2153,928,740,741,681,687,643,1000,808,579
silent,mi,0,2155,907,903,825,720,774,668,1056,1056,768
