threads,method,pattern,rw,live,alloc,ns,rss,used,forks
eventloop,direct,API_GATEWAY,false,1024,ADAPTIVE,260.9,202,332,2
eventloop,direct,API_GATEWAY,false,1024,ADAPTIVE_MMAP_OFF,260.7,192,332,2
eventloop,direct,API_GATEWAY,false,1024,MIMALLOC,294.8,508,384,2
eventloop,direct,API_GATEWAY,false,1024,POOLED,546.6,716,256,2
eventloop,direct,API_GATEWAY,false,128,ADAPTIVE,202.4,192,236,2
eventloop,direct,API_GATEWAY,false,128,ADAPTIVE_MMAP_OFF,204.6,190,236,2
eventloop,direct,API_GATEWAY,false,128,MIMALLOC,277.6,431,384,2
eventloop,direct,API_GATEWAY,false,128,POOLED,467.6,533,128,2
eventloop,direct,API_GATEWAY,false,16384,ADAPTIVE,473.6,252,2136,2
eventloop,direct,API_GATEWAY,false,16384,ADAPTIVE_MMAP_OFF,479.1,250,2142,2
eventloop,direct,API_GATEWAY,false,16384,MIMALLOC,823.2,1926,2304,2
eventloop,direct,API_GATEWAY,false,16384,POOLED,996.9,958,2432,2
eventloop,direct,API_GATEWAY,false,32768,ADAPTIVE,620.8,306,4011,2
eventloop,direct,API_GATEWAY,false,32768,ADAPTIVE_MMAP_OFF,621.5,306,4022,2
eventloop,direct,API_GATEWAY,false,32768,MIMALLOC,986.3,3158,4096,2
eventloop,direct,API_GATEWAY,false,32768,POOLED,1026.5,1438,4608,2
eventloop,direct,API_GATEWAY,false,4096,ADAPTIVE,286.4,215,695,2
eventloop,direct,API_GATEWAY,false,4096,ADAPTIVE_MMAP_OFF,289.7,206,700,2
eventloop,direct,API_GATEWAY,false,4096,MIMALLOC,420.1,839,768,2
eventloop,direct,API_GATEWAY,false,4096,POOLED,693.1,785,768,2
eventloop,direct,API_GATEWAY,false,65536,ADAPTIVE,823.8,409,7843,2
eventloop,direct,API_GATEWAY,false,65536,ADAPTIVE_MMAP_OFF,839.0,424,7850,2
eventloop,direct,API_GATEWAY,false,65536,MIMALLOC,1149.3,5640,7808,2
eventloop,direct,API_GATEWAY,false,65536,POOLED,1249.9,1618,9088,2
eventloop,direct,API_GATEWAY,false,8192,ADAPTIVE,322.1,227,1210,2
eventloop,direct,API_GATEWAY,false,8192,ADAPTIVE_MMAP_OFF,324.9,223,1212,2
eventloop,direct,API_GATEWAY,false,8192,MIMALLOC,607.7,1272,1280,2
eventloop,direct,API_GATEWAY,false,8192,POOLED,904.6,819,1408,2
eventloop,direct,API_GATEWAY,true,1024,ADAPTIVE,301.9,358,331,2
eventloop,direct,API_GATEWAY,true,1024,ADAPTIVE_MMAP_OFF,301.8,348,332,2
eventloop,direct,API_GATEWAY,true,1024,MIMALLOC,328.5,514,384,2
eventloop,direct,API_GATEWAY,true,1024,POOLED,584.0,918,256,2
eventloop,direct,API_GATEWAY,true,128,ADAPTIVE,225.2,233,236,2
eventloop,direct,API_GATEWAY,true,128,ADAPTIVE_MMAP_OFF,237.0,225,236,2
eventloop,direct,API_GATEWAY,true,128,MIMALLOC,301.4,428,384,2
eventloop,direct,API_GATEWAY,true,128,POOLED,577.8,543,128,2
eventloop,direct,API_GATEWAY,true,16384,ADAPTIVE,644.2,1644,2138,2
eventloop,direct,API_GATEWAY,true,16384,ADAPTIVE_MMAP_OFF,666.6,1648,2146,2
eventloop,direct,API_GATEWAY,true,16384,MIMALLOC,874.3,1922,2304,2
eventloop,direct,API_GATEWAY,true,16384,POOLED,1153.4,2950,2432,2
eventloop,direct,API_GATEWAY,true,32768,ADAPTIVE,771.8,2818,4011,2
eventloop,direct,API_GATEWAY,true,32768,ADAPTIVE_MMAP_OFF,790.6,2820,4020,2
eventloop,direct,API_GATEWAY,true,32768,MIMALLOC,1050.1,3160,4096,2
eventloop,direct,API_GATEWAY,true,32768,POOLED,1244.8,4959,4608,2
eventloop,direct,API_GATEWAY,true,4096,ADAPTIVE,358.0,615,696,2
eventloop,direct,API_GATEWAY,true,4096,ADAPTIVE_MMAP_OFF,385.9,606,700,2
eventloop,direct,API_GATEWAY,true,4096,MIMALLOC,393.8,848,768,2
eventloop,direct,API_GATEWAY,true,4096,POOLED,835.1,1304,768,2
eventloop,direct,API_GATEWAY,true,65536,ADAPTIVE,990.6,5326,7844,2
eventloop,direct,API_GATEWAY,true,65536,ADAPTIVE_MMAP_OFF,1062.7,5334,7852,2
eventloop,direct,API_GATEWAY,true,65536,MIMALLOC,1271.6,5646,7808,2
eventloop,direct,API_GATEWAY,true,65536,POOLED,1409.3,7782,9088,2
eventloop,direct,API_GATEWAY,true,8192,ADAPTIVE,522.7,926,1209,2
eventloop,direct,API_GATEWAY,true,8192,ADAPTIVE_MMAP_OFF,516.9,917,1212,2
eventloop,direct,API_GATEWAY,true,8192,MIMALLOC,669.4,1272,1280,2
eventloop,direct,API_GATEWAY,true,8192,POOLED,1030.4,1895,1408,2
eventloop,direct,E_COMMERCE,false,1024,ADAPTIVE,220.3,1592,414,2
eventloop,direct,E_COMMERCE,false,1024,ADAPTIVE_MMAP_OFF,228.1,1588,420,2
eventloop,direct,E_COMMERCE,false,1024,MIMALLOC,282.1,2036,512,2
eventloop,direct,E_COMMERCE,false,1024,POOLED,576.6,1778,384,2
eventloop,direct,E_COMMERCE,false,128,ADAPTIVE,211.4,1585,255,2
eventloop,direct,E_COMMERCE,false,128,ADAPTIVE_MMAP_OFF,254.9,1583,264,2
eventloop,direct,E_COMMERCE,false,128,MIMALLOC,251.5,1815,376,2
eventloop,direct,E_COMMERCE,false,128,POOLED,545.3,1664,128,2
eventloop,direct,E_COMMERCE,false,16384,ADAPTIVE,410.8,1642,2916,2
eventloop,direct,E_COMMERCE,false,16384,ADAPTIVE_MMAP_OFF,420.5,1646,2924,2
eventloop,direct,E_COMMERCE,false,16384,MIMALLOC,665.1,2549,2944,2
eventloop,direct,E_COMMERCE,false,16384,POOLED,1085.8,2002,3052,2
eventloop,direct,E_COMMERCE,false,32768,ADAPTIVE,547.4,1694,5552,2
eventloop,direct,E_COMMERCE,false,32768,ADAPTIVE_MMAP_OFF,539.5,1702,5582,2
eventloop,direct,E_COMMERCE,false,32768,MIMALLOC,806.0,3273,5376,2
eventloop,direct,E_COMMERCE,false,32768,POOLED,1218.2,2074,5734,2
eventloop,direct,E_COMMERCE,false,4096,ADAPTIVE,260.6,1608,876,2
eventloop,direct,E_COMMERCE,false,4096,ADAPTIVE_MMAP_OFF,268.4,1604,880,2
eventloop,direct,E_COMMERCE,false,4096,MIMALLOC,332.6,2256,1024,2
eventloop,direct,E_COMMERCE,false,4096,POOLED,650.9,1906,1024,2
eventloop,direct,E_COMMERCE,false,65536,ADAPTIVE,661.6,1800,10814,2
eventloop,direct,E_COMMERCE,false,65536,ADAPTIVE_MMAP_OFF,656.7,1818,10812,2
eventloop,direct,E_COMMERCE,false,65536,MIMALLOC,911.2,4518,10366,2
eventloop,direct,E_COMMERCE,false,65536,POOLED,1480.9,2334,11116,2
eventloop,direct,E_COMMERCE,false,8192,ADAPTIVE,298.3,1622,1565,2
eventloop,direct,E_COMMERCE,false,8192,ADAPTIVE_MMAP_OFF,292.3,1624,1574,2
eventloop,direct,E_COMMERCE,false,8192,MIMALLOC,477.0,2322,1664,2
eventloop,direct,E_COMMERCE,false,8192,POOLED,825.3,1972,1660,2
eventloop,direct,E_COMMERCE,true,1024,ADAPTIVE,265.4,1693,414,2
eventloop,direct,E_COMMERCE,true,1024,ADAPTIVE_MMAP_OFF,272.6,1690,420,2
eventloop,direct,E_COMMERCE,true,1024,MIMALLOC,298.5,2032,512,2
eventloop,direct,E_COMMERCE,true,1024,POOLED,694.4,1954,384,2
eventloop,direct,E_COMMERCE,true,128,ADAPTIVE,240.5,1618,255,2
eventloop,direct,E_COMMERCE,true,128,ADAPTIVE_MMAP_OFF,243.2,1612,264,2
eventloop,direct,E_COMMERCE,true,128,MIMALLOC,293.7,1811,382,2
eventloop,direct,E_COMMERCE,true,128,POOLED,540.2,1727,128,2
eventloop,direct,E_COMMERCE,true,16384,ADAPTIVE,584.0,2358,2913,2
eventloop,direct,E_COMMERCE,true,16384,ADAPTIVE_MMAP_OFF,603.7,2372,2920,2
eventloop,direct,E_COMMERCE,true,16384,MIMALLOC,753.6,2548,2944,2
eventloop,direct,E_COMMERCE,true,16384,POOLED,1237.4,3518,3068,2
eventloop,direct,E_COMMERCE,true,32768,ADAPTIVE,656.8,3048,5550,2
eventloop,direct,E_COMMERCE,true,32768,ADAPTIVE_MMAP_OFF,675.4,3064,5582,2
eventloop,direct,E_COMMERCE,true,32768,MIMALLOC,891.3,3269,5376,2
eventloop,direct,E_COMMERCE,true,32768,POOLED,1372.7,4211,5730,2
eventloop,direct,E_COMMERCE,true,4096,ADAPTIVE,331.7,1962,876,2
eventloop,direct,E_COMMERCE,true,4096,ADAPTIVE_MMAP_OFF,344.7,1965,880,2
eventloop,direct,E_COMMERCE,true,4096,MIMALLOC,354.0,2250,1024,2
eventloop,direct,E_COMMERCE,true,4096,POOLED,877.4,2572,1024,2
eventloop,direct,E_COMMERCE,true,65536,ADAPTIVE,756.4,4316,10806,2
eventloop,direct,E_COMMERCE,true,65536,ADAPTIVE_MMAP_OFF,818.6,4334,10810,2
eventloop,direct,E_COMMERCE,true,65536,MIMALLOC,1049.1,4500,10368,2
eventloop,direct,E_COMMERCE,true,65536,POOLED,1698.6,5652,11108,2
eventloop,direct,E_COMMERCE,true,8192,ADAPTIVE,439.1,2035,1566,2
eventloop,direct,E_COMMERCE,true,8192,ADAPTIVE_MMAP_OFF,452.5,2053,1572,2
eventloop,direct,E_COMMERCE,true,8192,MIMALLOC,522.3,2320,1664,2
eventloop,direct,E_COMMERCE,true,8192,POOLED,918.1,3092,1718,2
eventloop,direct,SOCKET_PROXY,false,1024,ADAPTIVE,218.6,198,202,2
eventloop,direct,SOCKET_PROXY,false,1024,ADAPTIVE_MMAP_OFF,233.3,190,206,2
eventloop,direct,SOCKET_PROXY,false,1024,MIMALLOC,252.7,352,256,2
eventloop,direct,SOCKET_PROXY,false,1024,POOLED,473.1,323,256,2
eventloop,direct,SOCKET_PROXY,false,128,ADAPTIVE,222.0,188,120,2
eventloop,direct,SOCKET_PROXY,false,128,ADAPTIVE_MMAP_OFF,217.8,186,120,2
eventloop,direct,SOCKET_PROXY,false,128,MIMALLOC,222.8,269,128,2
eventloop,direct,SOCKET_PROXY,false,128,POOLED,441.1,247,128,2
eventloop,direct,SOCKET_PROXY,false,16384,ADAPTIVE,403.4,249,1440,2
eventloop,direct,SOCKET_PROXY,false,16384,ADAPTIVE_MMAP_OFF,422.9,245,1448,2
eventloop,direct,SOCKET_PROXY,false,16384,MIMALLOC,672.4,968,1792,2
eventloop,direct,SOCKET_PROXY,false,16384,POOLED,883.5,703,1792,2
eventloop,direct,SOCKET_PROXY,false,32768,ADAPTIVE,555.6,302,2759,2
eventloop,direct,SOCKET_PROXY,false,32768,ADAPTIVE_MMAP_OFF,546.6,296,2762,2
eventloop,direct,SOCKET_PROXY,false,32768,MIMALLOC,889.6,1467,3328,2
eventloop,direct,SOCKET_PROXY,false,32768,POOLED,1011.0,1107,3200,2
eventloop,direct,SOCKET_PROXY,false,4096,ADAPTIVE,247.0,200,446,2
eventloop,direct,SOCKET_PROXY,false,4096,ADAPTIVE_MMAP_OFF,254.7,202,448,2
eventloop,direct,SOCKET_PROXY,false,4096,MIMALLOC,302.6,456,512,2
eventloop,direct,SOCKET_PROXY,false,4096,POOLED,600.5,426,512,2
eventloop,direct,SOCKET_PROXY,false,65536,ADAPTIVE,658.2,402,5339,2
eventloop,direct,SOCKET_PROXY,false,65536,ADAPTIVE_MMAP_OFF,679.3,404,5346,2
eventloop,direct,SOCKET_PROXY,false,65536,MIMALLOC,985.9,2700,6400,2
eventloop,direct,SOCKET_PROXY,false,65536,POOLED,1042.6,1553,6272,2
eventloop,direct,SOCKET_PROXY,false,8192,ADAPTIVE,298.0,220,780,2
eventloop,direct,SOCKET_PROXY,false,8192,ADAPTIVE_MMAP_OFF,276.2,221,784,2
eventloop,direct,SOCKET_PROXY,false,8192,MIMALLOC,482.4,604,1024,2
eventloop,direct,SOCKET_PROXY,false,8192,POOLED,772.8,515,896,2
eventloop,direct,SOCKET_PROXY,true,1024,ADAPTIVE,275.0,266,202,2
eventloop,direct,SOCKET_PROXY,true,1024,ADAPTIVE_MMAP_OFF,268.3,263,204,2
eventloop,direct,SOCKET_PROXY,true,1024,MIMALLOC,277.4,356,256,2
eventloop,direct,SOCKET_PROXY,true,1024,POOLED,589.0,376,256,2
eventloop,direct,SOCKET_PROXY,true,128,ADAPTIVE,234.1,206,120,2
eventloop,direct,SOCKET_PROXY,true,128,ADAPTIVE_MMAP_OFF,243.2,201,120,2
eventloop,direct,SOCKET_PROXY,true,128,MIMALLOC,247.0,273,128,2
eventloop,direct,SOCKET_PROXY,true,128,POOLED,522.7,254,128,2
eventloop,direct,SOCKET_PROXY,true,16384,ADAPTIVE,580.6,851,1439,2
eventloop,direct,SOCKET_PROXY,true,16384,ADAPTIVE_MMAP_OFF,597.3,846,1444,2
eventloop,direct,SOCKET_PROXY,true,16384,MIMALLOC,722.3,970,1792,2
eventloop,direct,SOCKET_PROXY,true,16384,POOLED,1027.5,1446,1792,2
eventloop,direct,SOCKET_PROXY,true,32768,ADAPTIVE,674.8,1454,2760,2
eventloop,direct,SOCKET_PROXY,true,32768,ADAPTIVE_MMAP_OFF,693.8,1454,2764,2
eventloop,direct,SOCKET_PROXY,true,32768,MIMALLOC,878.6,1468,3328,2
eventloop,direct,SOCKET_PROXY,true,32768,POOLED,1187.7,2302,3200,2
eventloop,direct,SOCKET_PROXY,true,4096,ADAPTIVE,311.3,389,445,2
eventloop,direct,SOCKET_PROXY,true,4096,ADAPTIVE_MMAP_OFF,324.7,388,448,2
eventloop,direct,SOCKET_PROXY,true,4096,MIMALLOC,357.3,446,512,2
eventloop,direct,SOCKET_PROXY,true,4096,POOLED,716.8,605,512,2
eventloop,direct,SOCKET_PROXY,true,65536,ADAPTIVE,787.1,2667,5340,2
eventloop,direct,SOCKET_PROXY,true,65536,ADAPTIVE_MMAP_OFF,851.7,2667,5342,2
eventloop,direct,SOCKET_PROXY,true,65536,MIMALLOC,1097.0,2700,6400,2
eventloop,direct,SOCKET_PROXY,true,65536,POOLED,1206.0,3884,6272,2
eventloop,direct,SOCKET_PROXY,true,8192,ADAPTIVE,447.3,546,778,2
eventloop,direct,SOCKET_PROXY,true,8192,ADAPTIVE_MMAP_OFF,441.3,544,784,2
eventloop,direct,SOCKET_PROXY,true,8192,MIMALLOC,550.6,597,1024,2
eventloop,direct,SOCKET_PROXY,true,8192,POOLED,951.4,863,896,2
eventloop,heap,API_GATEWAY,false,1024,ADAPTIVE,251.8,583,385,2
eventloop,heap,API_GATEWAY,false,1024,MIMALLOC,303.0,574,384,2
eventloop,heap,API_GATEWAY,false,1024,POOLED,610.0,930,256,2
eventloop,heap,API_GATEWAY,false,128,ADAPTIVE,203.6,474,279,2
eventloop,heap,API_GATEWAY,false,128,MIMALLOC,241.1,567,384,2
eventloop,heap,API_GATEWAY,false,128,POOLED,546.0,622,128,2
eventloop,heap,API_GATEWAY,false,16384,ADAPTIVE,505.9,3364,2175,2
eventloop,heap,API_GATEWAY,false,16384,MIMALLOC,861.3,3320,2304,2
eventloop,heap,API_GATEWAY,false,16384,POOLED,940.1,4478,2432,2
eventloop,heap,API_GATEWAY,false,32768,ADAPTIVE,685.0,5020,4077,2
eventloop,heap,API_GATEWAY,false,32768,MIMALLOC,1056.8,4991,4096,2
eventloop,heap,API_GATEWAY,false,32768,POOLED,1152.7,7226,4608,2
eventloop,heap,API_GATEWAY,false,4096,ADAPTIVE,300.0,972,763,2
eventloop,heap,API_GATEWAY,false,4096,MIMALLOC,420.1,964,768,2
eventloop,heap,API_GATEWAY,false,4096,POOLED,643.4,2024,768,2
eventloop,heap,API_GATEWAY,false,65536,ADAPTIVE,861.7,8584,7853,2
eventloop,heap,API_GATEWAY,false,65536,MIMALLOC,1314.9,9492,7808,2
eventloop,heap,API_GATEWAY,false,65536,POOLED,2008.5,12824,8992,2
eventloop,heap,API_GATEWAY,false,8192,ADAPTIVE,347.4,2367,1228,2
eventloop,heap,API_GATEWAY,false,8192,MIMALLOC,697.6,1928,1280,2
eventloop,heap,API_GATEWAY,false,8192,POOLED,776.0,3093,1408,2
eventloop,heap,API_GATEWAY,true,1024,ADAPTIVE,284.9,585,385,2
eventloop,heap,API_GATEWAY,true,1024,MIMALLOC,308.6,576,384,2
eventloop,heap,API_GATEWAY,true,1024,POOLED,583.6,956,256,2
eventloop,heap,API_GATEWAY,true,128,ADAPTIVE,223.5,476,279,2
eventloop,heap,API_GATEWAY,true,128,MIMALLOC,248.9,565,384,2
eventloop,heap,API_GATEWAY,true,128,POOLED,527.8,634,128,2
eventloop,heap,API_GATEWAY,true,16384,ADAPTIVE,689.3,3360,2173,2
eventloop,heap,API_GATEWAY,true,16384,MIMALLOC,943.3,3216,2304,2
eventloop,heap,API_GATEWAY,true,16384,POOLED,1110.3,4480,2432,2
eventloop,heap,API_GATEWAY,true,32768,ADAPTIVE,803.2,5110,4077,2
eventloop,heap,API_GATEWAY,true,32768,MIMALLOC,1148.6,4903,4096,2
eventloop,heap,API_GATEWAY,true,32768,POOLED,1253.9,7738,4608,2
eventloop,heap,API_GATEWAY,true,4096,ADAPTIVE,375.4,977,765,2
eventloop,heap,API_GATEWAY,true,4096,MIMALLOC,453.7,966,768,2
eventloop,heap,API_GATEWAY,true,4096,POOLED,806.7,2035,768,2
eventloop,heap,API_GATEWAY,true,65536,ADAPTIVE,1005.5,8632,7857,2
eventloop,heap,API_GATEWAY,true,65536,MIMALLOC,1398.4,10347,7808,2
eventloop,heap,API_GATEWAY,true,65536,POOLED,2242.3,12936,8836,2
eventloop,heap,API_GATEWAY,true,8192,ADAPTIVE,531.9,2348,1228,2
eventloop,heap,API_GATEWAY,true,8192,MIMALLOC,705.8,1922,1280,2
eventloop,heap,API_GATEWAY,true,8192,POOLED,949.5,3082,1408,2
eventloop,heap,E_COMMERCE,false,1024,ADAPTIVE,239.4,2002,405,2
eventloop,heap,E_COMMERCE,false,1024,MIMALLOC,280.4,1926,512,2
eventloop,heap,E_COMMERCE,false,1024,POOLED,592.3,2125,384,2
eventloop,heap,E_COMMERCE,false,128,ADAPTIVE,235.9,1930,267,2
eventloop,heap,E_COMMERCE,false,128,MIMALLOC,265.1,2004,378,2
eventloop,heap,E_COMMERCE,false,128,POOLED,557.9,1790,128,2
eventloop,heap,E_COMMERCE,false,16384,ADAPTIVE,462.0,4038,2937,2
eventloop,heap,E_COMMERCE,false,16384,MIMALLOC,800.8,4682,2944,2
eventloop,heap,E_COMMERCE,false,16384,POOLED,1093.7,5736,3054,2
eventloop,heap,E_COMMERCE,false,32768,ADAPTIVE,652.1,7543,5650,2
eventloop,heap,E_COMMERCE,false,32768,MIMALLOC,848.7,7682,5376,2
eventloop,heap,E_COMMERCE,false,32768,POOLED,1236.7,9076,5738,2
eventloop,heap,E_COMMERCE,false,4096,ADAPTIVE,276.7,2000,905,2
eventloop,heap,E_COMMERCE,false,4096,MIMALLOC,345.0,2802,1024,2
eventloop,heap,E_COMMERCE,false,4096,POOLED,703.7,3021,1024,2
eventloop,heap,E_COMMERCE,false,65536,ADAPTIVE,684.4,13207,10970,2
eventloop,heap,E_COMMERCE,false,65536,MIMALLOC,1006.6,12100,10368,2
eventloop,heap,E_COMMERCE,false,65536,POOLED,2722.3,16154,10988,2
eventloop,heap,E_COMMERCE,false,8192,ADAPTIVE,317.0,3140,1565,2
eventloop,heap,E_COMMERCE,false,8192,MIMALLOC,508.2,3186,1664,2
eventloop,heap,E_COMMERCE,false,8192,POOLED,827.5,3994,1662,2
eventloop,heap,E_COMMERCE,true,1024,ADAPTIVE,321.9,2006,405,2
eventloop,heap,E_COMMERCE,true,1024,MIMALLOC,284.0,1895,512,2
eventloop,heap,E_COMMERCE,true,1024,POOLED,628.1,2122,384,2
eventloop,heap,E_COMMERCE,true,128,ADAPTIVE,223.9,2006,267,2
eventloop,heap,E_COMMERCE,true,128,MIMALLOC,269.8,1991,372,2
eventloop,heap,E_COMMERCE,true,128,POOLED,463.7,1804,128,2
eventloop,heap,E_COMMERCE,true,16384,ADAPTIVE,621.6,4035,2939,2
eventloop,heap,E_COMMERCE,true,16384,MIMALLOC,762.5,5141,2944,2
eventloop,heap,E_COMMERCE,true,16384,POOLED,1251.7,5697,3054,2
eventloop,heap,E_COMMERCE,true,32768,ADAPTIVE,699.2,7615,5648,2
eventloop,heap,E_COMMERCE,true,32768,MIMALLOC,971.4,7773,5376,2
eventloop,heap,E_COMMERCE,true,32768,POOLED,1445.4,9162,5740,2
eventloop,heap,E_COMMERCE,true,4096,ADAPTIVE,407.8,2030,907,2
eventloop,heap,E_COMMERCE,true,4096,MIMALLOC,373.6,2839,1024,2
eventloop,heap,E_COMMERCE,true,4096,POOLED,803.9,3085,1024,2
eventloop,heap,E_COMMERCE,true,65536,ADAPTIVE,813.5,12467,10965,2
eventloop,heap,E_COMMERCE,true,65536,MIMALLOC,1145.5,12938,10368,2
eventloop,heap,E_COMMERCE,true,65536,POOLED,3128.7,16094,10990,2
eventloop,heap,E_COMMERCE,true,8192,ADAPTIVE,487.7,3122,1565,2
eventloop,heap,E_COMMERCE,true,8192,MIMALLOC,569.7,3198,1664,2
eventloop,heap,E_COMMERCE,true,8192,POOLED,1127.2,4000,1734,2
eventloop,heap,SOCKET_PROXY,false,1024,ADAPTIVE,227.9,390,196,2
eventloop,heap,SOCKET_PROXY,false,1024,MIMALLOC,268.8,438,256,2
eventloop,heap,SOCKET_PROXY,false,1024,POOLED,521.9,572,256,2
eventloop,heap,SOCKET_PROXY,false,128,ADAPTIVE,256.2,321,129,2
eventloop,heap,SOCKET_PROXY,false,128,MIMALLOC,234.9,304,128,2
eventloop,heap,SOCKET_PROXY,false,128,POOLED,453.6,374,128,2
eventloop,heap,SOCKET_PROXY,false,16384,ADAPTIVE,480.1,2373,1439,2
eventloop,heap,SOCKET_PROXY,false,16384,MIMALLOC,720.5,2058,1792,2
eventloop,heap,SOCKET_PROXY,false,16384,POOLED,918.1,3154,1792,2
eventloop,heap,SOCKET_PROXY,false,32768,ADAPTIVE,638.7,3372,2779,2
eventloop,heap,SOCKET_PROXY,false,32768,MIMALLOC,924.3,5082,3328,2
eventloop,heap,SOCKET_PROXY,false,32768,POOLED,1052.7,4794,3200,2
eventloop,heap,SOCKET_PROXY,false,4096,ADAPTIVE,260.6,658,446,2
eventloop,heap,SOCKET_PROXY,false,4096,MIMALLOC,323.0,843,512,2
eventloop,heap,SOCKET_PROXY,false,4096,POOLED,618.8,933,512,2
eventloop,heap,SOCKET_PROXY,false,65536,ADAPTIVE,697.3,6664,5355,2
eventloop,heap,SOCKET_PROXY,false,65536,MIMALLOC,1067.9,7909,6400,2
eventloop,heap,SOCKET_PROXY,false,65536,POOLED,1709.4,9804,6272,2
eventloop,heap,SOCKET_PROXY,false,8192,ADAPTIVE,296.4,1011,779,2
eventloop,heap,SOCKET_PROXY,false,8192,MIMALLOC,534.8,1918,1024,2
eventloop,heap,SOCKET_PROXY,false,8192,POOLED,831.0,2113,896,2
eventloop,heap,SOCKET_PROXY,true,1024,ADAPTIVE,265.8,392,196,2
eventloop,heap,SOCKET_PROXY,true,1024,MIMALLOC,250.6,444,256,2
eventloop,heap,SOCKET_PROXY,true,1024,POOLED,567.3,570,256,2
eventloop,heap,SOCKET_PROXY,true,128,ADAPTIVE,214.6,319,129,2
eventloop,heap,SOCKET_PROXY,true,128,MIMALLOC,228.0,307,128,2
eventloop,heap,SOCKET_PROXY,true,128,POOLED,512.2,373,128,2
eventloop,heap,SOCKET_PROXY,true,16384,ADAPTIVE,663.2,2372,1439,2
eventloop,heap,SOCKET_PROXY,true,16384,MIMALLOC,752.5,2616,1792,2
eventloop,heap,SOCKET_PROXY,true,16384,POOLED,1036.4,3123,1792,2
eventloop,heap,SOCKET_PROXY,true,32768,ADAPTIVE,736.8,3369,2777,2
eventloop,heap,SOCKET_PROXY,true,32768,MIMALLOC,941.6,5149,3328,2
eventloop,heap,SOCKET_PROXY,true,32768,POOLED,1111.2,5637,3200,2
eventloop,heap,SOCKET_PROXY,true,4096,ADAPTIVE,300.2,652,444,2
eventloop,heap,SOCKET_PROXY,true,4096,MIMALLOC,319.6,844,512,2
eventloop,heap,SOCKET_PROXY,true,4096,POOLED,715.5,924,512,2
eventloop,heap,SOCKET_PROXY,true,65536,ADAPTIVE,918.6,6726,5356,2
eventloop,heap,SOCKET_PROXY,true,65536,MIMALLOC,1111.8,8134,6400,2
eventloop,heap,SOCKET_PROXY,true,65536,POOLED,1783.7,9892,6272,2
eventloop,heap,SOCKET_PROXY,true,8192,ADAPTIVE,417.2,1008,777,2
eventloop,heap,SOCKET_PROXY,true,8192,MIMALLOC,546.3,1910,1024,2
eventloop,heap,SOCKET_PROXY,true,8192,POOLED,975.1,2095,896,2
platform,direct,API_GATEWAY,false,1024,ADAPTIVE,297.1,209,344,2
platform,direct,API_GATEWAY,false,1024,ADAPTIVE_MMAP_OFF,316.4,203,358,2
platform,direct,API_GATEWAY,false,1024,MIMALLOC,377.9,509,384,2
platform,direct,API_GATEWAY,false,1024,POOLED,590.2,14883,256,2
platform,direct,API_GATEWAY,false,128,ADAPTIVE,234.4,200,238,2
platform,direct,API_GATEWAY,false,128,ADAPTIVE_MMAP_OFF,275.7,198,246,2
platform,direct,API_GATEWAY,false,128,MIMALLOC,313.9,458,384,2
platform,direct,API_GATEWAY,false,128,POOLED,556.3,14882,128,2
platform,direct,API_GATEWAY,false,16384,ADAPTIVE,528.3,256,2144,2
platform,direct,API_GATEWAY,false,16384,ADAPTIVE_MMAP_OFF,542.7,256,2184,2
platform,direct,API_GATEWAY,false,16384,MIMALLOC,946.7,1992,2354,2
platform,direct,API_GATEWAY,false,16384,POOLED,840.9,14970,2304,2
platform,direct,API_GATEWAY,false,32768,ADAPTIVE,688.2,314,4075,2
platform,direct,API_GATEWAY,false,32768,ADAPTIVE_MMAP_OFF,677.4,325,4158,2
platform,direct,API_GATEWAY,false,32768,MIMALLOC,1134.5,3141,4146,2
platform,direct,API_GATEWAY,false,32768,POOLED,862.3,15070,4352,2
platform,direct,API_GATEWAY,false,4096,ADAPTIVE,355.6,218,695,2
platform,direct,API_GATEWAY,false,4096,ADAPTIVE_MMAP_OFF,359.5,210,714,2
platform,direct,API_GATEWAY,false,4096,MIMALLOC,473.1,858,788,2
platform,direct,API_GATEWAY,false,4096,POOLED,727.8,14915,640,2
platform,direct,API_GATEWAY,false,65536,ADAPTIVE,841.9,422,7930,2
platform,direct,API_GATEWAY,false,65536,ADAPTIVE_MMAP_OFF,887.7,430,7922,2
platform,direct,API_GATEWAY,false,65536,MIMALLOC,1317.4,5778,8056,2
platform,direct,API_GATEWAY,false,65536,POOLED,942.5,15400,8704,2
platform,direct,API_GATEWAY,false,8192,ADAPTIVE,376.8,234,1212,2
platform,direct,API_GATEWAY,false,8192,ADAPTIVE_MMAP_OFF,387.3,232,1252,2
platform,direct,API_GATEWAY,false,8192,MIMALLOC,718.3,1310,1342,2
platform,direct,API_GATEWAY,false,8192,POOLED,718.2,14948,1230,2
platform,direct,API_GATEWAY,true,1024,ADAPTIVE,350.3,376,342,2
platform,direct,API_GATEWAY,true,1024,ADAPTIVE_MMAP_OFF,367.8,358,340,2
platform,direct,API_GATEWAY,true,1024,MIMALLOC,395.9,517,390,2
platform,direct,API_GATEWAY,true,1024,POOLED,641.8,15070,256,2
platform,direct,API_GATEWAY,true,128,ADAPTIVE,289.6,242,236,2
platform,direct,API_GATEWAY,true,128,ADAPTIVE_MMAP_OFF,286.0,240,240,2
platform,direct,API_GATEWAY,true,128,MIMALLOC,343.7,463,382,2
platform,direct,API_GATEWAY,true,128,POOLED,603.9,14924,128,2
platform,direct,API_GATEWAY,true,16384,ADAPTIVE,696.9,1633,2142,2
platform,direct,API_GATEWAY,true,16384,ADAPTIVE_MMAP_OFF,719.1,1624,2150,2
platform,direct,API_GATEWAY,true,16384,MIMALLOC,988.9,1952,2320,2
platform,direct,API_GATEWAY,true,16384,POOLED,1100.7,17237,2304,2
platform,direct,API_GATEWAY,true,32768,ADAPTIVE,833.7,2920,4078,2
platform,direct,API_GATEWAY,true,32768,ADAPTIVE_MMAP_OFF,883.7,2870,4032,2
platform,direct,API_GATEWAY,true,32768,MIMALLOC,1172.0,3207,4232,2
platform,direct,API_GATEWAY,true,32768,POOLED,1146.6,19402,4352,2
platform,direct,API_GATEWAY,true,4096,ADAPTIVE,449.2,678,712,2
platform,direct,API_GATEWAY,true,4096,ADAPTIVE_MMAP_OFF,450.7,634,706,2
platform,direct,API_GATEWAY,true,4096,MIMALLOC,474.2,854,786,2
platform,direct,API_GATEWAY,true,4096,POOLED,907.7,15545,640,2
platform,direct,API_GATEWAY,true,65536,ADAPTIVE,1049.0,5374,7886,2
platform,direct,API_GATEWAY,true,65536,ADAPTIVE_MMAP_OFF,1119.6,5377,7898,2
platform,direct,API_GATEWAY,true,65536,MIMALLOC,1379.4,5816,8068,2
platform,direct,API_GATEWAY,true,65536,POOLED,1243.4,23684,8220,2
platform,direct,API_GATEWAY,true,8192,ADAPTIVE,572.4,938,1209,2
platform,direct,API_GATEWAY,true,8192,ADAPTIVE_MMAP_OFF,601.9,948,1222,2
platform,direct,API_GATEWAY,true,8192,MIMALLOC,746.3,1324,1356,2
platform,direct,API_GATEWAY,true,8192,POOLED,966.2,16129,1190,2
platform,direct,E_COMMERCE,false,1024,ADAPTIVE,283.9,1602,419,2
platform,direct,E_COMMERCE,false,1024,ADAPTIVE_MMAP_OFF,287.4,1591,420,2
platform,direct,E_COMMERCE,false,1024,MIMALLOC,327.7,2077,526,2
platform,direct,E_COMMERCE,false,1024,POOLED,671.0,15494,384,2
platform,direct,E_COMMERCE,false,128,ADAPTIVE,259.0,1594,255,2
platform,direct,E_COMMERCE,false,128,ADAPTIVE_MMAP_OFF,276.0,1590,264,2
platform,direct,E_COMMERCE,false,128,MIMALLOC,299.0,1843,382,2
platform,direct,E_COMMERCE,false,128,POOLED,570.6,15490,128,2
platform,direct,E_COMMERCE,false,16384,ADAPTIVE,478.8,1647,2926,2
platform,direct,E_COMMERCE,false,16384,ADAPTIVE_MMAP_OFF,497.0,1650,2928,2
platform,direct,E_COMMERCE,false,16384,MIMALLOC,771.1,2556,2964,2
platform,direct,E_COMMERCE,false,16384,POOLED,824.9,15558,2816,2
platform,direct,E_COMMERCE,false,32768,ADAPTIVE,610.2,1702,5561,2
platform,direct,E_COMMERCE,false,32768,ADAPTIVE_MMAP_OFF,612.2,1710,5600,2
platform,direct,E_COMMERCE,false,32768,MIMALLOC,914.7,3284,5420,2
platform,direct,E_COMMERCE,false,32768,POOLED,932.0,15643,5376,2
platform,direct,E_COMMERCE,false,4096,ADAPTIVE,344.9,1612,876,2
platform,direct,E_COMMERCE,false,4096,ADAPTIVE_MMAP_OFF,329.9,1609,884,2
platform,direct,E_COMMERCE,false,4096,MIMALLOC,385.8,2216,1032,2
platform,direct,E_COMMERCE,false,4096,POOLED,755.9,15498,810,2
platform,direct,E_COMMERCE,false,65536,ADAPTIVE,672.0,1798,10804,2
platform,direct,E_COMMERCE,false,65536,ADAPTIVE_MMAP_OFF,688.4,1834,10890,2
platform,direct,E_COMMERCE,false,65536,MIMALLOC,1068.8,4677,10548,2
platform,direct,E_COMMERCE,false,65536,POOLED,1107.7,16003,10752,2
platform,direct,E_COMMERCE,false,8192,ADAPTIVE,361.0,1628,1568,2
platform,direct,E_COMMERCE,false,8192,ADAPTIVE_MMAP_OFF,362.8,1618,1576,2
platform,direct,E_COMMERCE,false,8192,MIMALLOC,565.5,2304,1698,2
platform,direct,E_COMMERCE,false,8192,POOLED,828.3,15521,1488,2
platform,direct,E_COMMERCE,true,1024,ADAPTIVE,344.6,1706,426,2
platform,direct,E_COMMERCE,true,1024,ADAPTIVE_MMAP_OFF,347.3,1690,420,2
platform,direct,E_COMMERCE,true,1024,MIMALLOC,368.8,2075,528,2
platform,direct,E_COMMERCE,true,1024,POOLED,713.9,15732,384,2
platform,direct,E_COMMERCE,true,128,ADAPTIVE,288.9,1622,255,2
platform,direct,E_COMMERCE,true,128,ADAPTIVE_MMAP_OFF,312.5,1620,264,2
platform,direct,E_COMMERCE,true,128,MIMALLOC,330.3,1830,384,2
platform,direct,E_COMMERCE,true,128,POOLED,608.8,15550,128,2
platform,direct,E_COMMERCE,true,16384,ADAPTIVE,636.0,2368,2923,2
platform,direct,E_COMMERCE,true,16384,ADAPTIVE_MMAP_OFF,663.9,2381,2936,2
platform,direct,E_COMMERCE,true,16384,MIMALLOC,851.3,2562,2962,2
platform,direct,E_COMMERCE,true,16384,POOLED,1156.5,18370,2816,2
platform,direct,E_COMMERCE,true,32768,ADAPTIVE,741.8,3060,5562,2
platform,direct,E_COMMERCE,true,32768,ADAPTIVE_MMAP_OFF,741.1,3083,5584,2
platform,direct,E_COMMERCE,true,32768,MIMALLOC,1003.1,3258,5384,2
platform,direct,E_COMMERCE,true,32768,POOLED,1236.9,20756,5256,2
platform,direct,E_COMMERCE,true,4096,ADAPTIVE,395.8,1972,878,2
platform,direct,E_COMMERCE,true,4096,ADAPTIVE_MMAP_OFF,413.0,1969,882,2
platform,direct,E_COMMERCE,true,4096,MIMALLOC,425.1,2206,1026,2
platform,direct,E_COMMERCE,true,4096,POOLED,956.5,16256,888,2
platform,direct,E_COMMERCE,true,65536,ADAPTIVE,827.9,4336,10804,2
platform,direct,E_COMMERCE,true,65536,ADAPTIVE_MMAP_OFF,840.0,4360,10812,2
platform,direct,E_COMMERCE,true,65536,MIMALLOC,1205.4,4497,10324,2
platform,direct,E_COMMERCE,true,65536,POOLED,1464.7,24274,10752,2
platform,direct,E_COMMERCE,true,8192,ADAPTIVE,527.1,2047,1568,2
platform,direct,E_COMMERCE,true,8192,ADAPTIVE_MMAP_OFF,534.2,2060,1582,2
platform,direct,E_COMMERCE,true,8192,MIMALLOC,596.7,2302,1684,2
platform,direct,E_COMMERCE,true,8192,POOLED,997.1,16951,1424,2
platform,direct,SOCKET_PROXY,false,1024,ADAPTIVE,276.5,206,204,2
platform,direct,SOCKET_PROXY,false,1024,ADAPTIVE_MMAP_OFF,264.9,198,208,2
platform,direct,SOCKET_PROXY,false,1024,MIMALLOC,305.2,394,264,2
platform,direct,SOCKET_PROXY,false,1024,POOLED,644.0,14887,256,2
platform,direct,SOCKET_PROXY,false,128,ADAPTIVE,229.6,198,126,2
platform,direct,SOCKET_PROXY,false,128,ADAPTIVE_MMAP_OFF,228.5,194,132,2
platform,direct,SOCKET_PROXY,false,128,MIMALLOC,269.9,271,128,2
platform,direct,SOCKET_PROXY,false,128,POOLED,518.3,14866,128,2
platform,direct,SOCKET_PROXY,false,16384,ADAPTIVE,470.1,250,1454,2
platform,direct,SOCKET_PROXY,false,16384,ADAPTIVE_MMAP_OFF,476.8,252,1478,2
platform,direct,SOCKET_PROXY,false,16384,MIMALLOC,800.2,984,1826,2
platform,direct,SOCKET_PROXY,false,16384,POOLED,739.3,14986,1764,2
platform,direct,SOCKET_PROXY,false,32768,ADAPTIVE,611.4,306,2783,2
platform,direct,SOCKET_PROXY,false,32768,ADAPTIVE_MMAP_OFF,591.9,308,2814,2
platform,direct,SOCKET_PROXY,false,32768,MIMALLOC,939.2,1491,3340,2
platform,direct,SOCKET_PROXY,false,32768,POOLED,750.3,15052,3584,2
platform,direct,SOCKET_PROXY,false,4096,ADAPTIVE,304.6,214,450,2
platform,direct,SOCKET_PROXY,false,4096,ADAPTIVE_MMAP_OFF,290.3,217,488,2
platform,direct,SOCKET_PROXY,false,4096,MIMALLOC,418.9,466,608,2
platform,direct,SOCKET_PROXY,false,4096,POOLED,673.1,14914,512,2
platform,direct,SOCKET_PROXY,false,65536,ADAPTIVE,671.8,424,5712,2
platform,direct,SOCKET_PROXY,false,65536,ADAPTIVE_MMAP_OFF,706.7,422,5468,2
platform,direct,SOCKET_PROXY,false,65536,MIMALLOC,1067.6,2879,6724,2
platform,direct,SOCKET_PROXY,false,65536,POOLED,771.1,15354,6912,2
platform,direct,SOCKET_PROXY,false,8192,ADAPTIVE,340.8,230,796,2
platform,direct,SOCKET_PROXY,false,8192,ADAPTIVE_MMAP_OFF,343.9,218,784,2
platform,direct,SOCKET_PROXY,false,8192,MIMALLOC,567.4,624,1030,2
platform,direct,SOCKET_PROXY,false,8192,POOLED,691.2,14940,930,2
platform,direct,SOCKET_PROXY,true,1024,ADAPTIVE,309.4,280,204,2
platform,direct,SOCKET_PROXY,true,1024,ADAPTIVE_MMAP_OFF,330.7,268,208,2
platform,direct,SOCKET_PROXY,true,1024,MIMALLOC,341.0,405,272,2
platform,direct,SOCKET_PROXY,true,1024,POOLED,660.1,15012,256,2
platform,direct,SOCKET_PROXY,true,128,ADAPTIVE,272.5,218,129,2
platform,direct,SOCKET_PROXY,true,128,ADAPTIVE_MMAP_OFF,273.4,213,136,2
platform,direct,SOCKET_PROXY,true,128,MIMALLOC,291.3,276,128,2
platform,direct,SOCKET_PROXY,true,128,POOLED,519.7,14916,128,2
platform,direct,SOCKET_PROXY,true,16384,ADAPTIVE,637.2,863,1444,2
platform,direct,SOCKET_PROXY,true,16384,ADAPTIVE_MMAP_OFF,639.3,852,1446,2
platform,direct,SOCKET_PROXY,true,16384,MIMALLOC,802.0,972,1810,2
platform,direct,SOCKET_PROXY,true,16384,POOLED,1024.5,16648,1790,2
platform,direct,SOCKET_PROXY,true,32768,ADAPTIVE,724.8,1470,2764,2
platform,direct,SOCKET_PROXY,true,32768,ADAPTIVE_MMAP_OFF,756.1,1467,2778,2
platform,direct,SOCKET_PROXY,true,32768,MIMALLOC,984.2,1551,3426,2
platform,direct,SOCKET_PROXY,true,32768,POOLED,1044.2,17934,3584,2
platform,direct,SOCKET_PROXY,true,4096,ADAPTIVE,373.3,396,450,2
platform,direct,SOCKET_PROXY,true,4096,ADAPTIVE_MMAP_OFF,388.7,390,458,2
platform,direct,SOCKET_PROXY,true,4096,MIMALLOC,421.2,485,606,2
platform,direct,SOCKET_PROXY,true,4096,POOLED,700.7,15416,512,2
platform,direct,SOCKET_PROXY,true,65536,ADAPTIVE,885.4,2689,5388,2
platform,direct,SOCKET_PROXY,true,65536,ADAPTIVE_MMAP_OFF,900.1,2675,5354,2
platform,direct,SOCKET_PROXY,true,65536,MIMALLOC,1187.8,2740,6426,2
platform,direct,SOCKET_PROXY,true,65536,POOLED,1142.5,19402,6912,2
platform,direct,SOCKET_PROXY,true,8192,ADAPTIVE,501.4,550,782,2
platform,direct,SOCKET_PROXY,true,8192,ADAPTIVE_MMAP_OFF,511.7,558,798,2
platform,direct,SOCKET_PROXY,true,8192,MIMALLOC,625.0,644,1076,2
platform,direct,SOCKET_PROXY,true,8192,POOLED,982.2,15828,902,2
platform,heap,API_GATEWAY,false,1024,ADAPTIVE,336.4,592,391,2
platform,heap,API_GATEWAY,false,1024,MIMALLOC,375.2,594,386,2
platform,heap,API_GATEWAY,false,1024,POOLED,557.6,15328,256,2
platform,heap,API_GATEWAY,false,128,ADAPTIVE,321.7,488,285,2
platform,heap,API_GATEWAY,false,128,MIMALLOC,298.4,571,384,2
platform,heap,API_GATEWAY,false,128,POOLED,561.6,15116,128,2
platform,heap,API_GATEWAY,false,16384,ADAPTIVE,558.4,3353,2204,2
platform,heap,API_GATEWAY,false,16384,MIMALLOC,1052.1,3056,2372,2
platform,heap,API_GATEWAY,false,16384,POOLED,829.1,17671,2246,2
platform,heap,API_GATEWAY,false,32768,ADAPTIVE,743.0,4817,4314,2
platform,heap,API_GATEWAY,false,32768,MIMALLOC,1251.2,5776,4202,2
platform,heap,API_GATEWAY,false,32768,POOLED,923.2,20056,4178,2
platform,heap,API_GATEWAY,false,4096,ADAPTIVE,383.3,1054,828,2
platform,heap,API_GATEWAY,false,4096,MIMALLOC,571.3,1436,808,2
platform,heap,API_GATEWAY,false,4096,POOLED,753.8,15726,640,2
platform,heap,API_GATEWAY,false,65536,ADAPTIVE,828.3,10757,8223,2
platform,heap,API_GATEWAY,false,65536,MIMALLOC,1456.5,10132,8006,2
platform,heap,API_GATEWAY,false,65536,POOLED,1154.0,22507,8704,2
platform,heap,API_GATEWAY,false,8192,ADAPTIVE,410.2,2386,1315,2
platform,heap,API_GATEWAY,false,8192,MIMALLOC,807.9,1949,1318,2
platform,heap,API_GATEWAY,false,8192,POOLED,841.6,16491,1220,2
platform,heap,API_GATEWAY,true,1024,ADAPTIVE,359.6,588,385,2
platform,heap,API_GATEWAY,true,1024,MIMALLOC,364.6,616,388,2
platform,heap,API_GATEWAY,true,1024,POOLED,679.0,15332,256,2
platform,heap,API_GATEWAY,true,128,ADAPTIVE,293.6,484,283,2
platform,heap,API_GATEWAY,true,128,MIMALLOC,295.2,574,384,2
platform,heap,API_GATEWAY,true,128,POOLED,574.6,15114,128,2
platform,heap,API_GATEWAY,true,16384,ADAPTIVE,805.1,3362,2194,2
platform,heap,API_GATEWAY,true,16384,MIMALLOC,1229.2,3041,2250,2
platform,heap,API_GATEWAY,true,16384,POOLED,1041.1,17716,2254,2
platform,heap,API_GATEWAY,true,32768,ADAPTIVE,858.9,4802,4276,2
platform,heap,API_GATEWAY,true,32768,MIMALLOC,1248.9,5949,4390,2
platform,heap,API_GATEWAY,true,32768,POOLED,1155.1,20267,4352,2
platform,heap,API_GATEWAY,true,4096,ADAPTIVE,486.8,1058,830,2
platform,heap,API_GATEWAY,true,4096,MIMALLOC,573.3,1436,812,2
platform,heap,API_GATEWAY,true,4096,POOLED,927.0,15740,640,2
platform,heap,API_GATEWAY,true,65536,ADAPTIVE,1063.1,10700,8197,2
platform,heap,API_GATEWAY,true,65536,MIMALLOC,1561.6,10135,7918,2
platform,heap,API_GATEWAY,true,65536,POOLED,1289.5,22284,8704,2
platform,heap,API_GATEWAY,true,8192,ADAPTIVE,606.0,2382,1323,2
platform,heap,API_GATEWAY,true,8192,MIMALLOC,814.1,1932,1318,2
platform,heap,API_GATEWAY,true,8192,POOLED,1001.2,16487,1174,2
platform,heap,E_COMMERCE,false,1024,ADAPTIVE,334.1,2061,407,2
platform,heap,E_COMMERCE,false,1024,MIMALLOC,327.2,1930,540,2
platform,heap,E_COMMERCE,false,1024,POOLED,710.9,15988,384,2
platform,heap,E_COMMERCE,false,128,ADAPTIVE,272.1,1983,267,2
platform,heap,E_COMMERCE,false,128,MIMALLOC,353.8,1974,382,2
platform,heap,E_COMMERCE,false,128,POOLED,631.0,15702,128,2
platform,heap,E_COMMERCE,false,16384,ADAPTIVE,541.5,4002,2974,2
platform,heap,E_COMMERCE,false,16384,MIMALLOC,868.9,5089,2962,2
platform,heap,E_COMMERCE,false,16384,POOLED,843.1,19022,2744,2
platform,heap,E_COMMERCE,false,32768,ADAPTIVE,682.9,7304,5715,2
platform,heap,E_COMMERCE,false,32768,MIMALLOC,1061.8,7158,5416,2
platform,heap,E_COMMERCE,false,32768,POOLED,955.6,21052,5376,2
platform,heap,E_COMMERCE,false,4096,ADAPTIVE,395.7,2026,938,2
platform,heap,E_COMMERCE,false,4096,MIMALLOC,483.3,2791,1042,2
platform,heap,E_COMMERCE,false,4096,POOLED,731.0,16669,836,2
platform,heap,E_COMMERCE,false,65536,ADAPTIVE,719.7,12773,11164,2
platform,heap,E_COMMERCE,false,65536,MIMALLOC,1169.6,12144,10296,2
platform,heap,E_COMMERCE,false,65536,POOLED,1357.2,21527,10752,2
platform,heap,E_COMMERCE,false,8192,ADAPTIVE,394.0,3126,1574,2
platform,heap,E_COMMERCE,false,8192,MIMALLOC,589.9,3184,1704,2
platform,heap,E_COMMERCE,false,8192,POOLED,951.2,17464,1420,2
platform,heap,E_COMMERCE,true,1024,ADAPTIVE,404.6,2038,405,2
platform,heap,E_COMMERCE,true,1024,MIMALLOC,393.9,1964,514,2
platform,heap,E_COMMERCE,true,1024,POOLED,719.8,16046,384,2
platform,heap,E_COMMERCE,true,128,ADAPTIVE,329.9,2014,267,2
platform,heap,E_COMMERCE,true,128,MIMALLOC,420.5,1948,382,2
platform,heap,E_COMMERCE,true,128,POOLED,693.1,15656,128,2
platform,heap,E_COMMERCE,true,16384,ADAPTIVE,725.5,4000,2984,2
platform,heap,E_COMMERCE,true,16384,MIMALLOC,905.5,4677,2958,2
platform,heap,E_COMMERCE,true,16384,POOLED,1099.5,19058,2816,2
platform,heap,E_COMMERCE,true,32768,ADAPTIVE,817.7,7470,5880,2
platform,heap,E_COMMERCE,true,32768,MIMALLOC,1111.7,7142,5382,2
platform,heap,E_COMMERCE,true,32768,POOLED,1208.4,21045,5376,2
platform,heap,E_COMMERCE,true,4096,ADAPTIVE,423.5,2040,907,2
platform,heap,E_COMMERCE,true,4096,MIMALLOC,438.4,2782,1026,2
platform,heap,E_COMMERCE,true,4096,POOLED,879.8,16654,880,2
platform,heap,E_COMMERCE,true,65536,ADAPTIVE,878.5,13492,11174,2
platform,heap,E_COMMERCE,true,65536,MIMALLOC,1221.8,12304,10302,2
platform,heap,E_COMMERCE,true,65536,POOLED,1637.7,21448,10752,2
platform,heap,E_COMMERCE,true,8192,ADAPTIVE,580.2,3046,1594,2
platform,heap,E_COMMERCE,true,8192,MIMALLOC,640.8,3617,1666,2
platform,heap,E_COMMERCE,true,8192,POOLED,966.3,17402,1474,2
platform,heap,SOCKET_PROXY,false,1024,ADAPTIVE,290.5,394,198,2
platform,heap,SOCKET_PROXY,false,1024,MIMALLOC,286.6,502,266,2
platform,heap,SOCKET_PROXY,false,1024,POOLED,597.1,15269,256,2
platform,heap,SOCKET_PROXY,false,128,ADAPTIVE,246.5,324,129,2
platform,heap,SOCKET_PROXY,false,128,MIMALLOC,250.8,320,130,2
platform,heap,SOCKET_PROXY,false,128,POOLED,494.1,15118,128,2
platform,heap,SOCKET_PROXY,false,16384,ADAPTIVE,514.6,2400,1541,2
platform,heap,SOCKET_PROXY,false,16384,MIMALLOC,892.2,2966,1796,2
platform,heap,SOCKET_PROXY,false,16384,POOLED,724.4,17166,1792,2
platform,heap,SOCKET_PROXY,false,32768,ADAPTIVE,681.0,3381,2876,2
platform,heap,SOCKET_PROXY,false,32768,MIMALLOC,1081.2,4622,3436,2
platform,heap,SOCKET_PROXY,false,32768,POOLED,783.4,19226,3584,2
platform,heap,SOCKET_PROXY,false,4096,ADAPTIVE,333.1,664,452,2
platform,heap,SOCKET_PROXY,false,4096,MIMALLOC,396.1,889,588,2
platform,heap,SOCKET_PROXY,false,4096,POOLED,601.3,15629,512,2
platform,heap,SOCKET_PROXY,false,65536,ADAPTIVE,767.5,6705,5579,2
platform,heap,SOCKET_PROXY,false,65536,MIMALLOC,1231.1,7806,6564,2
platform,heap,SOCKET_PROXY,false,65536,POOLED,929.2,21911,6912,2
platform,heap,SOCKET_PROXY,false,8192,ADAPTIVE,364.6,1126,872,2
platform,heap,SOCKET_PROXY,false,8192,MIMALLOC,659.7,1938,1050,2
platform,heap,SOCKET_PROXY,false,8192,POOLED,699.9,16238,926,2
platform,heap,SOCKET_PROXY,true,1024,ADAPTIVE,314.4,396,198,2
platform,heap,SOCKET_PROXY,true,1024,MIMALLOC,316.3,498,264,2
platform,heap,SOCKET_PROXY,true,1024,POOLED,588.6,15268,256,2
platform,heap,SOCKET_PROXY,true,128,ADAPTIVE,263.8,333,133,2
platform,heap,SOCKET_PROXY,true,128,MIMALLOC,264.7,326,128,2
platform,heap,SOCKET_PROXY,true,128,POOLED,594.2,15130,128,2
platform,heap,SOCKET_PROXY,true,16384,ADAPTIVE,702.5,2390,1484,2
platform,heap,SOCKET_PROXY,true,16384,MIMALLOC,868.5,3011,1792,2
platform,heap,SOCKET_PROXY,true,16384,POOLED,968.1,17060,1792,2
platform,heap,SOCKET_PROXY,true,32768,ADAPTIVE,852.7,3381,2868,2
platform,heap,SOCKET_PROXY,true,32768,MIMALLOC,1050.4,4430,3514,2
platform,heap,SOCKET_PROXY,true,32768,POOLED,986.6,19259,3584,2
platform,heap,SOCKET_PROXY,true,4096,ADAPTIVE,407.1,695,468,2
platform,heap,SOCKET_PROXY,true,4096,MIMALLOC,426.4,888,574,2
platform,heap,SOCKET_PROXY,true,4096,POOLED,829.3,15597,512,2
platform,heap,SOCKET_PROXY,true,65536,ADAPTIVE,847.9,6666,5556,2
platform,heap,SOCKET_PROXY,true,65536,MIMALLOC,1275.7,7897,6650,2
platform,heap,SOCKET_PROXY,true,65536,POOLED,1214.2,21474,6912,2
platform,heap,SOCKET_PROXY,true,8192,ADAPTIVE,494.7,1092,846,2
platform,heap,SOCKET_PROXY,true,8192,MIMALLOC,778.8,1936,1036,2
platform,heap,SOCKET_PROXY,true,8192,POOLED,870.0,16260,920,2
